{
    "rmse": 4678.814321404271,
    "mse": 2616.307610730131,
    "r2 score": 0.8450555618387454,
    "normalized rmse": 0.07468247231306448
}